{"board":"core_metal","classes":{"deep":{"aa_r":0.991574,"anchor":{"energy_j":0.297486,"peak_rss_mib":154.969643,"proof_bytes":45200,"prove_ms":4.541,"request_ms":4.860875},"ci":[0.980585,1.001714],"classification":"neutral","dispersion":0.010564,"measurement_rounds":15,"measurement_seconds":4.84031,"report_sha256s":["15c8d41261c95af9f02b1eb0dfd8203c514b969ba79fa220ffa76f618266c27d","18a47f25b5fde1afe0770e0e76eaacbacdcaa53df55a7eadd8c186ea21d3887b","23ab2ef7bb99701281ecf4427b14e38687fae48bbfbaa8fa36a840c316e5ccfe","410c799eeebd6b76f91efbe6d62e94d961dc1b9a6622f8b87adf2cca1966021a","5223cba37306a9cf6b89576a11407463182443018edae96117d0d15fc58b791d","57e03a9ff866b8465ede0e3589a558bfeff0343b60910201f9e7aa9051a87aeb","5e3cf44c73fd369fbbb87bf987aff2b781edba3f354de0ae2400c4b3449f80cc","6466667deda8965ab2750de18ea58f6790799c5bc8905fff11709660e056a8be","6b63525c9168565bc1b44cfa9a92aa96a2defd2e56a059e70f9e4275951632a8","7df11668135a08bb393fe3f2131a31fc31338f8ca7d2d6c6ad347db4483c4060","7eeccfab8b58cb0597f626815e79ebcb1cac24b90e846c0fac923c598f4872d9","802a5eb8097dd95fc8afdb23512cdd3611a1382636c85232958cffbaad89a886","9ab6c5802974139734c83ba6af2d6bef47bf0c9e654a26362d2dd7aeca1ba834","9c07a99cf9e025ad171637235e80f3fbd36ee99644c44a0722e1c0d7a38b32a3","a57c53388d7c7cddc06285834481d4933a7e79adbf9e8ab7e1fdbabbb257dd9b","a63a2d757910c2a33bd17fd8d98c22f14d991caf08c0345e459e5e029a68c66e","b1e0f654675366d14fc92cd3689e74a71adf6498b92dc4aabbf58da228435722","b500923f6f4c376374f11667487a18f140037b93330d53ab85f0ae9901d94eda","bd48a881e13b4372ae67c8f3293a44a65d6014b406e2b5c4e2a2095912819bbf","bf3ff354382a8f5e4a336dae8326faa152e489a9d16704044cb094ac62575c27","d0f3583d4f36c478366c77fee8d9e7b02b63b42d1a4ca134725c853f2bd99e97","d3ad84e96cb1675eb425dd46dcee06a8b16cc48bfbf2f369eb99310d5b64ab36","deb1063f5658cd67e48ed4549b3af369ecb64add43a635b40687171e2fc37a80","decc478ba3d9e01ab7ce6d5ae704a22b8ec9b2709debe745be15548ec0178c8e","e2c429d4d08abbd8525d2eb19d339529f8512af901955be78ae3ddf305cc9f83","e8b84d316a7bd62fb46215c9d68b8d403bd6a0cc566f74bd901bbdd93d6fe83b","e8eb53be91e96940f0584374dfad951b53e7bf23404a81ce788a695fb0b3865e","e8f4ebb107df51d0bcbeddf87792100678a2c4991b9e1aa0fcc0b0bb2844e2bf","ec382f8d43184888625fd6e518668dc17c85711f2054f46ed74aed9d516c6a84","fa0cab943ceca01c18935ea844bf570da8ae7af4214879d5cb2c703b02494c3f"]},"huge":{"aa_r":1.005001,"anchor":{"energy_j":18.544443,"peak_rss_mib":1644.689445,"proof_bytes":86383,"prove_ms":1657.360125,"request_ms":2023.652917},"ci":[0.999379,1.007943],"classification":"neutral","dispersion":0.004282,"measurement_rounds":3,"measurement_seconds":24.83683,"report_sha256s":["035196b068f017833b7603981d1ac3852b6c8c56660d699522f3654968e884e0","239fea334e40bf7fe20f360d37c28867df5f3a77ef6e9a74ddbb7373673cb0bb","562c6a4eb6092c553b59b92853bd26470871b2b362063b7285530b6e2f654622","6a7347ed14e677ddeac6e19c24a8f7be13b6c16dcf3aa24d318f88fd44b95272","b1203fbb44e5bf78f23367b8306be4cc890ac794a935ae6a5c3470fb88ad716c","b7fe67ebd0096d5ad434a72af045024ce497957a82aa5c71ec34cc64e99bd6d3"]},"small":{"aa_r":0.993096,"anchor":{"energy_j":0.18386,"peak_rss_mib":143.329132,"proof_bytes":24965,"prove_ms":2.480041,"request_ms":2.648334},"ci":[0.97366,1.009747],"classification":"neutral","dispersion":0.018043,"measurement_rounds":15,"measurement_seconds":3.944576,"report_sha256s":["04a3dca003c58d89118ef80b53b563e9d967bb6f0b0d93049c96330eb73afec1","1ce361a13fdc2d7b8360ff2e65e8eae74bc57cd0999c4623d713bb530c5402f8","2aafa0cc5fbfdfce95d8bdaa242aafccc37697532eadbe2823d02a8639bed9c7","40071fe7f03f5363c5063a85577c468c1a79f567d5e664b32a2fb51650299cb0","409cd7927fdb5775e0f1a0487189bf86e0b33a12a20ee79a4cbe5180cb2c0566","4313e52112e4c0dd7fe7f53849395fdf45680ec687ddd7aff6bfbe789614deca","454c5c70a78427dbfab9fe14bfb491a2b61804b7d68ab407f8c5d3d955c2f5fa","4d0e22d662792739664485332baabc1f1fdc238dd98b5d790c6a3c171be9a656","5420559752ed242940b9f1a62fcaac77b999ed55fe35dcce144f85ddbc1468db","624a139cf078f6f21db922fbe6f1135dc6a309c28745dbd09eddc51b4b6645ee","6775a4842c3886e45f455023d042f7e93680cc119dbbb310dc66988e48c1091a","7094522f8f810e23886b87d22b2582b6e9145392100422dc12c7c2c3acc91260","82d570173b7b58638531ebf9f6af6d5d71dd6c78853ee949f131a20a12cb6db4","8fece2acddd151c9a99ce5285bf723047b5bf6c89b0e25a58b4e4109e495a63c","9253b0202db559676ce885e02dbe4a772f74d494fca2fb94fa1e805abfdebcd6","9619b6b694b8c4a5c60e60f8f9b5d7baf5fdcda669905da215b5e796dac0b901","97c4862c1c9a27da0e55863e1785b29f3c072650a92379ac9371e2aeb9713e50","97d1cd6be3649ed9051c922afff0c3cac570d7c8842ff093fa3ca21e8fef8f2d","a13249a8057d64246ace1049bef391f3b1059d805c1daabff8e4b4c2ef04f4d9","aa874a7b8f3b92a64977427475a1d258d86a88055d332157661d5b050b132d50","adc3edd208ace296f25397dd9b99159235abb50035762aa00a080e5b00bfd97f","baab27766b67bcda749d7e4b98a761be6e30d61dc15a64615dfa0e39879ef6c1","bae178414d6103927969e54ef6026732466b0f7bb750ec25a5efc6f9b4e23840","c2524c11f8e33d85c15c0bfd728a542706f66c7ded52406ba28e228716304cea","c507d75a89592df854a6639e1d852f1961fa21f17b086b80304b3a19534c0f8f","d6f4eed8c2dcaaed233cbfa31237e93e2dbd91b591200c364ddb038c998b9b0b","e2d19499b4f7bb0ae50e09454fc87555926adb96b774bb04ca59ad6f54c590e3","e4d0b4762057088ce89e8c97243179814c04cd846b8fa3bda3ff94105a24e22c","e9b962f32928b2d5d9b29cc5eaaefe06c693a0c511699167175d180dd4e8493a","fb7fec6c1d5021c00304495de3f8c27cb150e2a6b0b7b617483ceb39a055dedf"]},"wide":{"aa_r":0.988441,"anchor":{"energy_j":0.62008,"peak_rss_mib":161.59462,"proof_bytes":41840,"prove_ms":7.85675,"request_ms":8.677959},"ci":[0.961912,1.00075],"classification":"neutral","dispersion":0.019419,"measurement_rounds":15,"measurement_seconds":6.280604,"report_sha256s":["000f2b28afe1129f8a8ac64d7fd0ede713c48310cfb7d6b254c126cc51d7c0f1","0f2596b6d914dd2d5721f91af78dd8e56905b1d7b5e06500cb1cef959f7ba3ef","15e3c0bd4086a4d3caa8a5ad036cc846170b6df50e11b88a8cbc602acef6c4a6","19852c16900fb264a1be2ab7b3aa358952a7b4830c70d77ef6de56a337aead9c","2df9889ab93630f658531cde9d476a46a43a28842d19a908ab4ccad02c25e798","3029f4f0e0d642235e6615927b1c872bce8265b0515e0cd7454b16ce72676d95","3a02a70e24f88aa37781a0bc482391cddcd2f4a63cc180ff62c3c7ae2471efc5","3c66268324424e430678ea1dc35c7b4fb8a6186a79c51352473bf31410f838b2","4d84f2b1ca993ba8ba3ea2725487c334c7f4216313e3f5159986a9960f04bddd","537fd4b3399b0d59ecd1d18d867cac55727222bfc27226085318f04b56c0bd2c","57aa40fd59e39d4aa03f5d6d3f7644787e27871c24ab2fb2dab520a8574c7d4c","58929b791c82dca6e3e7fa71f9cd4c8a1f6c23e638ea46ffb59431a9713dc973","5be627f5d4b75ce441f2f82c45da058f0fdd7ea8d94568afe8c60d4051f0dd43","6cbbfb2485fff3afd82dd1a349efbbe2aaa6cfc46769de51a2b5c5c09d5fea8a","71395852eb467b4e00b9f4d25d96d6d9d49d149f73c205b9ba78670d9a10f294","73c6c40b9bf1468a569c2655551f5b3390ce3b766110b3947a3f30a01225f85c","7a397821bd3d163b29191e2f6a430dbf453045b3946f782efcfea5836ad506d2","82c2ead9dfac4034481a25ebd869bcd23b555ad8aaa3b901887e3ca0cc4c3391","83120fef72dd014032edfdc5106bad0b4d0b12813841ebe9ebab96a8d25aa4e0","87ed9fc45476c7210623b0f71ee3460eb2312dac577d06c793e3278d4bd311bb","90b3ce4e052c65343dbd857945c25d0ae2f60690236e98acb78ff855f98cbc67","a42f09074386ba943059039d627468b4b8350a5ef0674c2ac1278059973bbcb8","b2579732525b14a35a20b536dedb90e66d26395f401fc2443f7e569b7a71ca3f","b349859cec0b01fbec1125238cc4dc93ec16cef9ec487a705d7def16b42906cd","bbf9d360424c7b62aa9c7e17c134b2c4d33288032e8da2763dbfa3cb886c3251","bdce2fa7b028ab4c43bd002a57f35847ba7a8bb187e9c217aa2d453148bebe26","c4b723a48315f1016332fde0090d4d551d67debec077565603970822dde1fcbe","ee4b5d383ef3134cdded08c2c7874eef1da16e1a0271d25c77023ffed123cf21","f0a33e8378b63105fbe21488683fbaa757a01481dc2d299751bf4bf9e2338f02","f9be7605b9d68398fcc07177b2ca387568e2f7718daa49bb6f89fce3b4b1e624"]},"xlarge":{"aa_r":1.003317,"anchor":{"energy_j":11.77494,"peak_rss_mib":517.001488,"proof_bytes":74328,"prove_ms":422.199,"request_ms":508.385521},"ci":[0.995403,1.014357],"classification":"neutral","dispersion":0.009477,"measurement_rounds":9,"measurement_seconds":47.436707,