{
  "schema_version": 1,
  "benchmark_id": "wide_fibonacci_simd_prove_verify",
  "benchmark_lane": "simd-cpu",
  "status": "completed",
  "classification": "fresh-simd-baseline",
  "git_commit": "4c10c4691b538e364a033489ad533ccff375bb40",
  "started_at_epoch_ms": 1784239682721,
  "completed_at_epoch_ms": 1784239683153,
  "runner": {
    "runner_class": "unspecified",
    "hostname": "unknown",
    "os": "macos",
    "arch": "aarch64",
    "cargo_profile": "release",
    "cpu": "unknown",
    "threads": 16,
    "gpu_name": "unknown",
    "gpu_driver": "unknown",
    "cuda_toolkit": "unknown",
    "stwo_cuda_mode": "no-cuda",
    "stwo_metal_mode": "metal-dev"
  },
  "workload": {
    "family": "wide_fibonacci",
    "backend": "simd",
    "channel": "blake2s",
    "operation": "prove_verify",
    "log_n_instances": 16,
    "instances": 65536,
    "n_columns": 100,
    "warmup_iterations": 1,
    "sample_iterations": 3
  },
  "timings": {
    "samples_ms": [
      95.957834,
      98.125708,
      95.885208
    ],
    "summary_ms": {
      "min": 95.885208,
      "max": 98.125708,
      "mean": 96.65625,
      "median": 95.957834,
      "stddev": 1.0394866503205629
    },
    "prove_samples_ms": [
      95.811375,
      97.96508299999999,
      95.74358299999999
    ],
    "prove_summary_ms": {
      "min": 95.74358299999999,
      "max": 97.96508299999999,
      "mean": 96.50668033333334,
      "median": 95.811375,
      "stddev": 1.031617723907887
    },
    "verify_samples_ms": [
      0.146417,
      0.16054200000000002,
      0.14158300000000001
    ],
    "verify_summary_ms": {
      "min": 0.14158300000000001,
      "max": 0.16054200000000002,
      "mean": 0.149514,
      "median": 0.146417,
      "stddev": 0.008043816548546264
    },
    "trace_gen_samples_ms": [
      54.085708000000004,
      54.097083,
      54.482167
    ],
    "trace_gen_summary_ms": {
      "min": 54.085708000000004,
      "max": 54.482167,
      "mean": 54.22165266666667,
      "median": 54.097083,
      "stddev": 0.1842699759597898
    },
    "trace_commit_samples_ms": [
      8.711875,
      8.99475,
      8.852625
    ],
    "trace_commit_summary_ms": {
      "min": 8.711875,
      "max": 8.99475,
      "mean": 8.853083333333332,
      "median": 8.852625,
      "stddev": 0.11548368992584603
    },
    "prove_call_samples_ms": [
      32.684333,
      34.619625,
      32.112291
    ],
    "prove_call_summary_ms": {
      "min": 32.112291,
      "max": 34.619625,
      "mean": 33.13874966666667,
      "median": 32.684333,
      "stddev": 1.0728627831173105
    }
  },
  "proof": {
    "size_estimate_bytes": 16896,
    "commitments": 3,
    "security_bits": 13,
    "fri_queries": 3,
    "pow_bits": 10
  }
}