{
  "failures": [],
  "generated_at_unix": 1772786831,
  "kernels": [
    {
      "checksum": [
        432165680,
        734621901,
        322704094,
        1532179376
      ],
      "iterations": 20000,
      "log_size": 11,
      "name": "eval_at_point",
      "repeats": 3,
      "summary": {
        "avg_seconds": 0.495961333,
        "max_seconds": 0.500312,
        "median_seconds": 0.494662,
        "min_seconds": 0.49291,
        "samples_seconds": [
          0.494662,
          0.49291,
          0.500312
        ]
      },
      "warmups": 1
    },
    {
      "checksum": [
        764660708,
        0,
        0,
        0
      ],
      "iterations": 20000,
      "log_size": 11,
      "name": "eval_at_point_by_folding",
      "repeats": 3,
      "summary": {
        "avg_seconds": 0.061151,
        "max_seconds": 0.062286,
        "median_seconds": 0.061468,
        "min_seconds": 0.059699,
        "samples_seconds": [
          0.059699,
          0.062286,
          0.061468
        ]
      },
      "warmups": 1
    },
    {
      "checksum": [
        2104320,
        0,
        0,
        0
      ],
      "iterations": 2048,
      "log_size": 10,
      "name": "fft",
      "repeats": 3,
      "summary": {
        "avg_seconds": 0.022190667,
        "max_seconds": 0.022891,
        "median_seconds": 0.021871,
        "min_seconds": 0.02181,
        "samples_seconds": [
          0.022891,
          0.02181,
          0.021871
        ]
      },
      "warmups": 1
    }
  ],
  "protocol": "kernel_matrix_v1",
  "schema_version": 1,
  "settings": {
    "repeats": 3,
    "report_label": "benchmark_kernels",
    "warmups": 1,
    "zig_cpu": "native",
    "zig_opt_mode": "ReleaseFast"
  },
  "settings_hash": "5799e57b144ccee2fe09d2ec30b2f904468872e64122271812167ab51e82faa2",
  "status": "ok",
  "summary": {
    "avg_seconds": 0.193101,
    "failure_count": 0,
    "kernels": 3,
    "max_seconds": 0.495961333,
    "min_seconds": 0.022190667
  },
  "workload_matrix_hash": "ccf08828a617c569fa9a54535bb3215fe84910e65e32e1aad03fa4f8987bec03"
}
